{
  "train": {
    "macro_f1": 0.5013211333684603,
    "roc_auc_ovr_macro": 0.7096855263630779,
    "accuracy": 0.5135652729013724,
    "per_class_f1": {
      "H": 0.5865004560656735,
      "D": 0.4026493091241293,
      "A": 0.5148136349155782
    },
    "confusion_matrix": [
      [
        3858,
        1948,
        1461
      ],
      [
        1103,
        1763,
        1115
      ],
      [
        928,
        1065,
        2424
      ]
    ]
  },
  "val": {
    "macro_f1": 0.45810309861621973,
    "roc_auc_ovr_macro": 0.653829727801512,
    "accuracy": 0.479739507959479,
    "per_class_f1": {
      "H": 0.5834767641996558,
      "D": 0.2991040661612681,
      "A": 0.4917284654877353
    },
    "confusion_matrix": [
      [
        678,
        347,
        260
      ],
      [
        200,
        217,
        250
      ],
      [
        161,
        220,
        431
      ]
    ]
  },
  "test": {
    "macro_f1": 0.4514559575321912,
    "roc_auc_ovr_macro": 0.6513306812454793,
    "accuracy": 0.46972477064220186,
    "per_class_f1": {
      "H": 0.5601489757914339,
      "D": 0.29753015508328545,
      "A": 0.4966887417218543
    },
    "confusion_matrix": [
      [
        752,
        392,
        327
      ],
      [
        278,
        259,
        295
      ],
      [
        184,
        258,
        525
      ]
    ]
  }
}