{
  "train": {
    "macro_f1": 0.4982645215203476,
    "roc_auc_ovr_macro": 0.7054709491182981,
    "accuracy": 0.5105649537184807,
    "per_class_f1": {
      "H": 0.5854926240158985,
      "D": 0.39540177555201456,
      "A": 0.5138991649931297
    },
    "confusion_matrix": [
      [
        3830,
        1980,
        1457
      ],
      [
        1088,
        1737,
        1156
      ],
      [
        898,
        1088,
        2431
      ]
    ]
  },
  "val": {
    "macro_f1": 0.45153130515488654,
    "roc_auc_ovr_macro": 0.6524515038292872,
    "accuracy": 0.47467438494934877,
    "per_class_f1": {
      "H": 0.5845760545377077,
      "D": 0.2865013774104683,
      "A": 0.4835164835164835
    },
    "confusion_matrix": [
      [
        686,
        347,
        252
      ],
      [
        212,
        208,
        247
      ],
      [
        164,
        230,
        418
      ]
    ]
  },
  "test": {
    "macro_f1": 0.4521251908286325,
    "roc_auc_ovr_macro": 0.6471149394632528,
    "accuracy": 0.47155963302752296,
    "per_class_f1": {
      "H": 0.5621780721118469,
      "D": 0.2963393375944218,
      "A": 0.49785816277962874
    },
    "confusion_matrix": [
      [
        764,
        393,
        314
      ],
      [
        280,
        255,
        297
      ],
      [
        203,
        241,
        523
      ]
    ]
  }
}