{
  "train": {
    "macro_f1": 0.5029403256283822,
    "roc_auc_ovr_macro": 0.7049141525584625,
    "accuracy": 0.5171401212894989,
    "per_class_f1": {
      "H": 0.5831764440093381,
      "D": 0.4132314246335046,
      "A": 0.5124131082423039
    },
    "confusion_matrix": [
      [
        3872,
        1530,
        1871
      ],
      [
        1124,
        1649,
        1205
      ],
      [
        1010,
        824,
        2580
      ]
    ]
  },
  "val": {
    "macro_f1": 0.4184331439431221,
    "roc_auc_ovr_macro": 0.6192926899500821,
    "accuracy": 0.4395803183791606,
    "per_class_f1": {
      "H": 0.5226876090750436,
      "D": 0.2679217958001448,
      "A": 0.4646900269541779
    },
    "confusion_matrix": [
      [
        599,
        336,
        344
      ],
      [
        220,
        185,
        265
      ],
      [
        194,
        190,
        431
      ]
    ]
  },
  "test": {
    "macro_f1": 0.4236204043827952,
    "roc_auc_ovr_macro": 0.6215949892388473,
    "accuracy": 0.44495412844036697,
    "per_class_f1": {
      "H": 0.5347793567688855,
      "D": 0.26634382566585957,
      "A": 0.46973803071364045
    },
    "confusion_matrix": [
      [
        715,
        366,
        390
      ],
      [
        275,
        220,
        337
      ],
      [
        213,
        234,
        520
      ]
    ]
  }
}