{
  "train_macro_f1": 0.4359100795128799,
  "train_roc_auc": 0.7781827135247528,
  "train_accuracy": 0.5664581205311542,
  "train_f1_H": 0.6896980369814057,
  "train_f1_D": 0.10892730286526166,
  "train_f1_A": 0.5091048986919723,
  "val_macro_f1": 0.3819754770692081,
  "val_roc_auc": 0.6521933648939479,
  "val_accuracy": 0.5273056057866184,
  "val_f1_H": 0.6642750373692078,
  "val_f1_D": 0.028694404591104734,
  "val_f1_A": 0.4529569892473118,
  "test_macro_f1": 0.38238963385559627,
  "test_roc_auc": 0.6475747936028559,
  "test_accuracy": 0.5149847094801223,
  "test_f1_H": 0.6470435009116957,
  "test_f1_D": 0.03211009174311927,
  "test_f1_A": 0.46801530891197374
}